{"cameraMode":{"drawMode":0,"name":"Shaded","section":"Shading Mode"},"sceneLighting":false,"audioPlay":false,"sceneViewState":{"showFog":false,"showMaterialUpdate":false,"showSkybox":false,"showFlares":true,"showImageEffects":true,"showParticleSystems":true,"showVisualEffectGraphs":true,"m_FxEnabled":true},"in2DMode":false,"pivot":{"x":1.4999885559082032,"y":8.125004768371582,"z":2.9999990463256838},"rotation":{"x":0.037681978195905688,"y":0.8900156617164612,"z":-0.44851556420326235,"w":0.07434190064668656},"size":23.479047775268556,"orthographic":false}