{"cameraMode":{"drawMode":0,"name":"Shaded","section":"Shading Mode"},"sceneLighting":true,"audioPlay":false,"sceneViewState":{"showFog":true,"showMaterialUpdate":false,"showSkybox":true,"showFlares":true,"showImageEffects":true,"showParticleSystems":true,"showVisualEffectGraphs":true,"m_FxEnabled":true},"in2DMode":false,"pivot":{"x":1.5961430072784424,"y":1.99418306350708,"z":-10.277297019958496},"rotation":{"x":0.1748911738395691,"y":-0.012988680973649025,"z":0.002301095752045512,"w":0.9845066666603088},"size":1.9711625576019288,"orthographic":false}