{"cameraMode":{"drawMode":0,"name":"Shaded","section":"Shading Mode"},"sceneLighting":false,"audioPlay":false,"sceneViewState":{"showFog":false,"showMaterialUpdate":false,"showSkybox":true,"showFlares":true,"showImageEffects":true,"showParticleSystems":true,"showVisualEffectGraphs":true,"m_FxEnabled":true},"in2DMode":false,"pivot":{"x":7.297370433807373,"y":-0.7039904594421387,"z":7.5802507400512699},"rotation":{"x":-0.26258161664009097,"y":0.028072478249669076,"z":-0.00763939693570137,"w":-0.9644784331321716},"size":3.4256367683410646,"orthographic":false}