{"cameraMode":{"drawMode":0,"name":"Shaded","section":"Shading Mode"},"sceneLighting":true,"audioPlay":false,"sceneViewState":{"showFog":false,"showMaterialUpdate":false,"showSkybox":true,"showFlares":true,"showImageEffects":true,"showParticleSystems":true,"showVisualEffectGraphs":true,"m_FxEnabled":true},"in2DMode":false,"pivot":{"x":28.160215377807618,"y":-30.683786392211915,"z":15.208507537841797},"rotation":{"x":-0.29815104603767397,"y":-0.24742957949638368,"z":0.08013087511062622,"w":-0.9185628890991211},"size":30.79568862915039,"orthographic":false}