{"cameraMode":{"drawMode":0,"name":"Shaded","section":"Shading Mode"},"sceneLighting":true,"audioPlay":false,"sceneViewState":{"showFog":false,"showMaterialUpdate":false,"showSkybox":true,"showFlares":true,"showImageEffects":true,"showParticleSystems":true,"showVisualEffectGraphs":true,"m_FxEnabled":true},"in2DMode":false,"pivot":{"x":1.737723469734192,"y":1.4950644969940186,"z":-27.145599365234376},"rotation":{"x":-0.1600690335035324,"y":0.024277333170175554,"z":-0.003938081208616495,"w":-0.9867995977401733},"size":0.37502336502075198,"orthographic":false}