{"cameraMode":{"drawMode":0,"name":"Shaded","section":"Shading Mode"},"sceneLighting":false,"audioPlay":false,"sceneViewState":{"showFog":false,"showMaterialUpdate":false,"showSkybox":false,"showFlares":false,"showImageEffects":false,"showParticleSystems":false,"showVisualEffectGraphs":true,"m_FxEnabled":true},"in2DMode":false,"pivot":{"x":1.500038981437683,"y":1.9997327327728272,"z":-0.0000011920928955078126},"rotation":{"x":-0.07462694495916367,"y":0.8682805895805359,"z":-0.4707522392272949,"w":-0.13762202858924867},"size":2.5127205848693849,"orthographic":false}